app_id,rank,name,id,price,currency,genre,avg_score,reviews_count,developer,estimated_downloads,downloads_garg_telang,macro_category,final_category
479516143,1,Minecraft: Play with Friends,479516143.0,6.99,USD,Games,4.50126,774041.0,Mojang,15480820.0,52.958,Games,Games
1118115766,2,Bloons TD 6,1118115766.0,6.99,USD,Games,4.85886,325421.0,Ninja Kiwi,6508420.0,27.527023864006203,Games,Games
342548956,3,TurboScan™ Pro: PDF scanner,342548956.0,9.99,USD,Business,4.92558,289733.0,Piksoft Inc.,5794660.0,18.77280248505502,Productivity,Productivity
623592465,4,Heads Up!,623592465.0,1.99,USD,Games,4.79223,261188.0,Warner Bros.,5223760.0,14.308263960299994,Games,Games
625334537,5,Geometry Dash,625334537.0,2.99,USD,Games,4.52792,223552.0,RobTop Games AB,4471040.0,11.590545900415849,Games,Games
1477966166,6,MONOPOLY: The Board Game,1477966166.0,4.99,USD,Games,4.66019,179869.0,Marmalade Game Studio,3597380.0,9.757909702035285,Games,Games
525818839,7,Plague Inc.,525818839.0,0.99,USD,Games,4.81257,156447.0,Ndemic Creations,3128940.0,8.436436179812418,Games,Games
284791396,8,Solitaire by MobilityWare,284791396.0,4.99,USD,Games,4.77149,132837.0,MobilityWare,2656740.0,7.437288483093732,Games,Games
723795263,9,Trivia Crack (No Ads),723795263.0,6.99,USD,Games,4.66561,100995.0,Etermax,2019900.0,6.654671874747688,Games,Games
763692274,10,Grand Theft Auto: San Andreas,763692274.0,6.99,USD,Games,4.67581,108095.0,Rockstar Games,2161900.0,6.024646580263726,Games,Games
563718995,11,Bloons TD 5,563718995.0,2.99,USD,Games,4.82243,96294.0,Ninja Kiwi,1925880.0,5.5062621046295055,Games,Games
1400579543,12,imo video calls and chat HD,1400579543.0,4.99,USD,Social Networking,3.36119,74479.0,Baby Penguin,1489580.0,5.072061128266606,Social,Outside Good
294934058,13,HotSchedules,294934058.0,2.99,USD,Business,4.60796,67034.0,HotSchedules,1340680.0,4.702935805234055,Productivity,Productivity
892279069,14,Star Walk 2: Stars and Planets,892279069.0,2.99,USD,Education,4.72075,66187.0,Vito Technology Inc.,1323740.0,4.38517277935084,Education,Education
338088432,15,Free Tone - Calling & Texting,338088432.0,1.99,USD,Social Networking,4.70729,62376.0,"TextMe, Inc.",1247520.0,4.108671567704048,Social,Outside Good
1406710800,16,Stardew Valley,1406710800.0,4.99,USD,Games,4.8196,62467.0,ConcernedApe,1249340.0,3.8658260802450934,Games,Games
1164801111,17,AutoSleep Track Sleep on Watch,1164801111.0,8.99,USD,Health & Fitness,4.70687,59478.0,Tantsissa,1189560.0,3.6507979121648675,Lifestyle,Lifestyle
319295332,18,TuneIn Radio: Music & Sports,319295332.0,9.99,USD,Music,4.71964,55572.0,TuneIn,1111440.0,3.459030014413507,Entertainment,Entertainment
1596736236,19,Red's First Flight,1596736236.0,0.99,USD,Games,4.78594,64656.0,Rovio Entertainment Oyj,1293120.0,3.286912749550884,Games,Games
640364616,20,Terraria,640364616.0,4.99,USD,Games,4.45612,47014.0,"505 Games (US), Inc.",940280.0,3.131549344520619,Games,Games
497716362,21,TonalEnergy Tuner & Metronome,497716362.0,5.99,USD,Music,4.85637,51603.0,"TonalEnergy, Inc",1032060.0,2.990587825850498,Entertainment,Entertainment
1303222868,22,Paprika Recipe Manager 3,1303222868.0,4.99,USD,Food & Drink,4.9013,49543.0,Hindsight Labs LLC,990860.0,2.8620984243288916,Lifestyle,Outside Good
866450515,23,Forest: Focus for Productivity,866450515.0,3.99,USD,Productivity,4.83259,45637.0,"SEEKRTECH CO., LTD.",912740.0,2.7444827034478245,Productivity,Productivity
289894882,24,White Noise,289894882.0,0.99,USD,Health & Fitness,4.84392,43703.0,TMSOFT,874060.0,2.636405221448943,Lifestyle,Lifestyle
325683306,25,MyRadar Weather Radar Pro,325683306.0,5.99,USD,Weather,4.83645,41866.0,"Aviation Data Systems, Inc",837320.0,2.5367414605847403,Weather,Weather
1439187947,26,Rebel Inc.,1439187947.0,1.99,USD,Games,4.79101,40548.0,Ndemic Creations,810960.0,2.444537674035406,Games,Games
391855805,27,Spider Solitaire MobilityWare,391855805.0,4.99,USD,Games,4.80991,39265.0,MobilityWare,785300.0,2.3589795820742694,Games,Games
1248033433,28,Kingdom Rush Vengeance TD Game,1248033433.0,4.99,USD,Games,4.82937,38917.0,Ironhide S.A.,778340.0,2.2793677205517766,Games,Games
1093131935,29,Incredibox,1093131935.0,4.99,USD,Games,4.89307,44485.0,So Far So Good,889700.0,2.2050978471918925,Games,Games
1286676015,30,The Room: Old Sins,1286676015.0,4.99,USD,Games,4.94047,34921.0,Fireproof Studios Limited,698420.0,2.1356452338372507,Games,Games
363738376,31,forScore,363738376.0,24.99,USD,Music,4.81809,38562.0,"forScore, LLC",771240.0,2.0705519733655002,Entertainment,Entertainment
918054748,32,The Room Three,918054748.0,3.99,USD,Games,4.93537,33654.0,Fireproof Studios Limited,673080.0,2.009416646493528,Games,Games
1150534552,33,Clue: Classic Edition,1150534552.0,5.99,USD,Games,4.70607,34355.0,Marmalade Game Studio,687100.0,1.9518858514512085,Games,Games
730712409,34,ProCam - Pro Camera,730712409.0,9.99,USD,Photo & Video,4.6163,34006.0,Tinkerworks Apps,680120.0,1.8976472157337196,Entertainment,Entertainment
691121579,35,AdBlock,691121579.0,1.99,USD,Utilities,4.30055,33409.0,AdBlock Labs,668180.0,1.8464235956426749,Productivity,Productivity
1117405948,36,The Game of Life,1117405948.0,4.99,USD,Games,4.52224,31657.0,Marmalade Game Studio,633140.0,1.797968234319165,Games,Games
475249619,37,My Macros+ | Diet & Calories,475249619.0,0.0,USD,Health & Fitness,4.67767,32563.0,My Macros LLC,651260.0,1.752060698241461,Lifestyle,Lifestyle
283179414,38,Solebon Solitaire - 50 Games,283179414.0,9.99,USD,Games,4.82477,31492.0,Solebon LLC,629840.0,1.7085034498242653,Games,Games
435871950,39,HappyCow - Vegan Food Near You,435871950.0,4.99,USD,Travel,4.87774,31375.0,HappyCow,627500.0,1.6671189427763906,Travel,Travel
307868751,40,JotNot Scanner App Pro,307868751.0,6.99,USD,Business,4.88018,29635.0,MobiTech 3000 LLC,592700.0,1.6277471494001297,Productivity,Productivity
310647896,41,WeatherBug Elite,310647896.0,49.99,USD,Weather,4.73582,28905.0,WeatherBug,578100.0,1.5902434466243673,Weather,Weather
837860959,42,Mini Metro,837860959.0,3.99,USD,Games,4.86079,30241.0,Dinosaur Polo Club,604820.0,1.5544768014198627,Games,Games
1512751689,43,The Game of Life 2,1512751689.0,4.99,USD,Games,4.76999,30718.0,Marmalade Game Studio,614360.0,1.5203282072174005,Games,Games
385756768,44,Dictionary.com Pro English,,,,,,,,,1.4876893316899422,,
1306844643,45,Sonic Runners Adventure,1306844643.0,2.99,USD,Games,4.68161,27709.0,Gameloft,554180.0,1.4564613432620088,Games,Games
435355256,46,EpocCam Webcamera for Computer,,,,,,,,,1.4265538893493057,,
1293681293,47,Pocket Build,1293681293.0,0.99,USD,Games,4.62746,26682.0,MoonBear LTD,533640.0,1.3978842038974848,Games,Games
1056920931,48,Iron Marines: RTS offline game,1056920931.0,2.99,USD,Games,4.78233,25736.0,Ironhide S.A.,514720.0,1.3703763255035237,Games,Games
963034692,49,Streaks,963034692.0,5.99,USD,Health & Fitness,4.819,27300.0,Crunchy Bagel,546000.0,1.343960410439366,Lifestyle,Lifestyle
821560738,50,AnyFont,821560738.0,1.99,USD,Utilities,4.58798,25892.0,Evo Tec Labs @ Pepperbit Online,517840.0,1.3185721273901978,Productivity,Productivity
904237743,51,Things 3,904237743.0,9.99,USD,Productivity,4.81592,26716.0,Cultured Code GmbH & Co. KG,534320.0,1.2941521227750727,Productivity,Productivity
1062515791,52,The House of Da Vinci,1062515791.0,3.99,USD,Games,4.77525,24623.0,Blue Brain Games,492460.0,1.2706455472192086,Games,Games
329981776,53,Sudoku ″,329981776.0,1.99,USD,Games,4.82587,26308.0,"Mind The Frog, Inc.",526160.0,1.248001635161584,Games,Games
1062022008,54,LumaFusion,1062022008.0,29.99,USD,Photo & Video,4.75514,24218.0,Luma Touch LLC,484360.0,1.226173330761392,Entertainment,Entertainment
1295610132,55,Screen Mirroring + for Roku,1295610132.0,9.99,USD,Productivity,3.46555,24642.0,Kraus und Karnath GbR 2Kit Consulting,492840.0,1.205116954254856,Productivity,Productivity
1162580001,56,Game Dev Tycoon,1162580001.0,4.99,USD,Games,4.90021,23279.0,Greenheart Games Pty. Ltd.,465580.0,1.1847919037439891,Games,Games
423198259,57,Chess Tiger Pro,423198259.0,9.99,USD,Games,4.85404,23041.0,Christophe Théron,460820.0,1.1651603880986419,Games,Games
284862767,58,FreeCell,284862767.0,4.99,USD,Games,4.79852,21739.0,MobilityWare,434780.0,1.1461871872449854,Games,Games
912536422,59,Five Nights at Freddy's,912536422.0,2.99,USD,Games,4.6737,22081.0,CLICKTEAM LLC USA,441620.0,1.127839436615618,Games,Games
951627022,60,Photo Scanner Plus,951627022.0,1.99,USD,Photo & Video,4.79054,21513.0,Photomyne LTD,430260.0,1.1100864329636524,Entertainment,Entertainment
1084860489,61,Chameleon Run,1084860489.0,1.99,USD,Games,4.699,20276.0,Noodlecake,405520.0,1.092899459107653,Games,Games
1239299402,62,Street Fighter IV CE,1239299402.0,0.99,USD,Games,4.77398,20693.0,CAPCOM,413860.0,1.0762516254861827,Games,Games
478126577,63,Merriam-Webster Dictionary+,478126577.0,9.99,USD,Reference,4.84663,20773.0,"Merriam-Webster, Inc.",415460.0,1.060117726668332,Education,Education
1117998129,64,Human Anatomy Atlas 2025,1117998129.0,24.99,USD,Medical,4.85004,19738.0,Visible Body Apps,394760.0,1.0444741111967724,Health,Health
577499909,65,TapeACall Pro: Call Recorder,577499909.0,10.99,USD,Business,4.5223,18476.0,Mosaic S.r.l.,369520.0,1.0292985633383904,Productivity,Productivity
596684220,66,Essential Anatomy 5,596684220.0,19.99,USD,Medical,4.8417,19330.0,3D4Medical from Elsevier,386600.0,1.0145701954891326,Health,Health
1444761746,67,RFS - Real Flight Simulator,1444761746.0,0.99,USD,Games,4.63411,21255.0,RORTOS SRL,425100.0,1.0002693501283701,Games,Games
650684932,68,OBD Fusion,650684932.0,9.99,USD,Travel,4.73318,18398.0,"OCTech, LLC",367960.0,0.9863775103472002,Travel,Travel
432791399,69,Cloud Baby Monitor,432791399.0,6.99,USD,Lifestyle,4.78219,17654.0,VIGI Limited,353080.0,0.9728772180874626,Lifestyle,Lifestyle
1197552569,70,Poly Bridge,1197552569.0,1.99,USD,Games,4.82146,17660.0,Dry Cactus,353200.0,0.9597519993262595,Games,Games
1106831630,71,ROME: Total War,1106831630.0,9.99,USD,Games,4.83728,18154.0,Feral Interactive Ltd,363080.0,0.9469862955264126,Games,Games
401818935,72,Genius Scan Enterprise - PDF,401818935.0,49.99,USD,Business,4.88665,17336.0,The Grizzly Labs,346720.0,0.9345654007483053,Productivity,Productivity
1257281849,73,SkySafari,1257281849.0,6.99,USD,Reference,4.72015,17370.0,Simulation Curriculum Corp.,347400.0,0.9224754038843695,Education,Education
949490225,74,Print to Size,949490225.0,2.99,USD,Photo & Video,4.85541,17851.0,Clafou Ltd,357020.0,0.9107031355353313,Entertainment,Entertainment
667362389,75,The Room Two,667362389.0,1.99,USD,Games,4.89714,16245.0,Fireproof Studios Limited,324900.0,0.8992361190982915,Games,Games
388624839,76,CamScanner + | OCR Scanner,388624839.0,0.99,USD,Productivity,4.85412,16624.0,Linguan Data,332480.0,0.8880625256816623,Productivity,Productivity
980368562,77,FitMenCook - Healthy Recipes,980368562.0,3.99,USD,Food & Drink,4.91413,15582.0,Nibble Apps Ltd,311640.0,0.8771711325017265,Lifestyle,Outside Good
578448682,78,Grand Theft Auto: Vice City,578448682.0,4.99,USD,Games,4.5313,16055.0,Rockstar Games,321100.0,0.8665512844507439,Games,Games
1171040772,79,Reigns: Her Majesty,1171040772.0,2.99,USD,Games,4.83886,15310.0,Devolver,306200.0,0.8561928585577373,Games,Games
366111277,80,Quran Majeed Pro القرآن المجيد,366111277.0,19.99,USD,Reference,4.86545,15459.0,Pakistan Data Management Services,309180.0,0.8460862310907785,Education,Education
379869627,81,Living Earth - Clock & Weather,379869627.0,5.99,USD,Weather,4.77696,15289.0,"Radiantlabs, LLC",305780.0,0.8362222470742456,Weather,Weather
336901296,82,Windfinder Pro: Wind & Weather,336901296.0,12.99,USD,Weather,4.82754,15018.0,Windfinder,300360.0,0.8265921920164742,Weather,Weather
598581396,83,Kingdom Rush Frontiers TD,598581396.0,0.99,USD,Games,4.87094,15529.0,Ironhide S.A.,310580.0,0.8171877656628085,Games,Games
936694037,84,Voice Recorder - Audio Record,936694037.0,5.99,USD,Business,4.70641,15845.0,LiveBird Technologies Private Limited,316900.0,0.8080010576065674,Productivity,Productivity
335047649,85,ScanBizCards,335047649.0,0.99,USD,Business,4.58026,13773.0,ScanBiz Mobile Solutions L.P.,275460.0,0.7990245246060887,Productivity,Productivity
777310222,86,GoodReader PDF Editor & Viewer,777310222.0,5.99,USD,Productivity,4.6557,13738.0,"Good.iWare, Inc.",274760.0,0.7902509694700546,Productivity,Productivity
1135811739,87,FAX from iPhone & iPad App,1135811739.0,3.99,USD,Business,4.59117,13676.0,BPMobile,273520.0,0.7816735213858802,Productivity,Productivity
1453990763,88,Screen Mirroring+ for Fire TV,1453990763.0,9.99,USD,Photo & Video,3.21829,14238.0,Kraus und Karnath GbR 2Kit Consulting,284760.0,0.773285617577259,Entertainment,Entertainment
1062745479,89,HeartWatch: Heart Rate Tracker,1062745479.0,8.99,USD,Health & Fitness,4.68709,13464.0,Tantsissa,269280.0,0.7650809861871278,Lifestyle,Lifestyle
306967807,90,Card Shark Collection™,306967807.0,2.99,USD,Games,4.75929,13186.0,Easy 8 Software,263720.0,0.7570536302914734,Games,Games
564874986,91,Backflip Madness,564874986.0,0.99,USD,Games,4.46577,12742.0,Gamesoul Studio,254840.0,0.7491978129576613,Games,Games
417817520,92,Tiny Wings,417817520.0,2.99,USD,Games,4.84622,14267.0,Andreas Illiger,285340.0,0.7415080432684242,Games,Games
1078038667,93,GifJif - Custom Gif Creator,1078038667.0,0.99,USD,Entertainment,4.8925,12781.0,Max Shaw,255620.0,0.7339790632393868,Entertainment,Entertainment
904737816,94,Kingdom Rush Origins TD,904737816.0,2.99,USD,Games,4.87108,13164.0,Ironhide S.A.,263280.0,0.7266058355640957,Games,Games
618790117,95,Cute CUT Pro,618790117.0,9.99,USD,Photo & Video,4.42373,12366.0,波 余,247320.0,0.7193835321260543,Entertainment,Entertainment
284972998,96,SoundHound∞ - Music Discovery,284972998.0,6.99,USD,Music,4.86082,12193.0,"SoundHound, Inc.",243860.0,0.7123075232222635,Entertainment,Entertainment
1079607960,97,Oh She Glows,1079607960.0,2.99,USD,Food & Drink,4.867,12263.0,Glo Bakery Corporation,245260.0,0.7053733674473188,Lifestyle,Outside Good
372283316,98,▻Sudoku +,372283316.0,4.99,USD,Games,4.84377,13365.0,"PeopleFun CG, LLC",267300.0,0.698576802191246,Games,Games
1133544923,99,Hidden Folks,1133544923.0,4.99,USD,Games,4.87962,12254.0,Adriaan de Jongh,245080.0,0.6919137347080135,Games,Games
448162988,100,My Sketch - Pencil Sketches,448162988.0,3.99,USD,Photo & Video,4.77376,12226.0,Miinu Limited,244520.0,0.6853802337150837,Entertainment,Entertainment
443646748,101,Fitness Buddy+ Workout Trainer,443646748.0,3.99,USD,Health & Fitness,4.82154,11706.0,"Kodeon, Inc.",234120.0,0.6789725214874802,Lifestyle,Lifestyle
1040227414,102,Exploding Kittens®,1040227414.0,4.99,USD,Games,4.69102,11548.0,Marmalade Game Studio,230960.0,0.6726869664126991,Games,Games
330247123,103,"Sun Seeker - Tracker, Surveyor",330247123.0,11.99,USD,Navigation,4.83859,12310.0,ozPDA,246200.0,0.666520075975384,Travel,Travel
1279565050,104,Graphing Calculator Plus,1279565050.0,5.99,USD,Education,4.63381,11841.0,Incpt.Mobis,236820.0,0.660468490143064,Education,Education
514345557,105,Home Design 3D - GOLD EDITION,514345557.0,8.99,USD,Productivity,4.54695,11566.0,Anuman,231320.0,0.6545289751264217,Productivity,Productivity
352247139,106,Calorie Counter PRO MyNetDiary,352247139.0,3.99,USD,Health & Fitness,4.76998,12460.0,MyNetDiary Inc.,249200.0,0.6486984174895518,Lifestyle,Lifestyle
1023146677,107,Five Nights at Freddy's 4,1023146677.0,2.99,USD,Games,4.61634,11346.0,CLICKTEAM LLC USA,226920.0,0.6429738185874893,Games,Games
828392046,108,Teach Your Monster to Read,828392046.0,8.99,USD,Education,4.54331,22324.0,Teach Your Monster,446480.0,0.637352289309959,Education,Education
941143328,109,Five Nights at Freddy's 2,941143328.0,2.99,USD,Games,4.63159,11346.0,CLICKTEAM LLC USA,226920.0,0.6318310451118357,Games,Games
640564761,110,Stop Motion Studio Pro,640564761.0,5.99,USD,Photo & Video,4.7413,12211.0,"CATEATER, LLC",244220.0,0.6264074013122077,Entertainment,Entertainment
563082328,111,Military Retirement,563082328.0,5.99,USD,Finance,4.84994,12182.0,LYNNFIELD LLC,243640.0,0.6210787686452386,Finance,Outside Good
363978811,112,Seconds Pro Interval Timer,363978811.0,7.99,USD,Health & Fitness,4.79502,11265.0,Runloop Ltd,225300.0,0.6158426490472098,Lifestyle,Lifestyle
1189781891,113,Five Nights at Freddy's: SL,1189781891.0,2.99,USD,Games,4.43329,10958.0,CLICKTEAM LLC USA,219160.0,0.6106966316652293,Games,Games
479662730,114,Grand Theft Auto III,479662730.0,4.99,USD,Games,4.57319,11183.0,Rockstar Games,223660.0,0.6056383890740973,Games,Games
1331393380,115,The House of Da Vinci 2,1331393380.0,4.99,USD,Games,4.82565,10869.0,Blue Brain Games,217380.0,0.6006656736887608,Games,Games
307219387,116,BrainWave: 37 Binaural Series™,307219387.0,5.99,USD,Health & Fitness,4.87301,10969.0,Banzai Labs,219380.0,0.5957763143606417,Lifestyle,Lifestyle
357421934,117,PeakFinder,357421934.0,4.99,USD,Travel,4.70969,11491.0,PeakFinder GmbH,229820.0,0.5909682131469265,Travel,Travel
1342309192,118,Reigns: Game of Thrones,1342309192.0,3.99,USD,Games,4.81924,10262.0,Devolver,205240.0,0.5862393422426343,Games,Games
1479608271,119,Arcadia - Watch Games,1479608271.0,1.99,USD,Games,4.82131,11327.0,Raffaele D'Amato,226540.0,0.5815877410659641,Games,Games
904278510,120,Hitman Sniper,904278510.0,1.99,USD,Games,4.76205,11477.0,Deca Live Operations GmbH,229540.0,0.5770115134880468,Games,Games
284980812,121,GoSkyWatch Planetarium,284980812.0,3.99,USD,Navigation,4.78153,10153.0,GoSoftWorks,203060.0,0.5725088251988171,Travel,Travel
1389752090,122,Dead Cells,1389752090.0,8.99,USD,Games,4.79429,11166.0,Playdigious,223320.0,0.5680779012012508,Games,Games
292628469,123,"Juxtaposer: cut, combine, edit",292628469.0,4.99,USD,Photo & Video,4.90871,10133.0,Pocket Pixels Inc.,202660.0,0.5637170234267228,Entertainment,Entertainment
1356167732,124,Escapists 2: Pocket Breakout,1356167732.0,6.99,USD,Games,4.71669,10056.0,Team17 Digital Limited,201120.0,0.5594245284647007,Games,Games
1441797808,125,Screen Mirroring + Chromecast,1441797808.0,9.99,USD,Utilities,3.86697,10667.0,Kraus und Karnath GbR 2Kit Consulting,213340.0,0.5551988054004187,Productivity,Productivity
634675138,126,Recipe Gallery,634675138.0,0.0,USD,Food & Drink,4.85691,9861.0,WHATSTICKER APPS SRL,197220.0,0.5510382937545826,Lifestyle,Outside Good
335029050,127,Catan Classic,335029050.0,4.99,USD,Games,3.75282,10191.0,USM,203820.0,0.5469414815195238,Games,Games
1148321705,128,Bully: Anniversary Edition,1148321705.0,0.0,USD,Games,4.74239,11463.0,Rockstar Games,229260.0,0.5429069032865709,Games,Games
1463795337,129,Screen Mirroring+ App,1463795337.0,9.99,USD,Photo & Video,2.87142,11044.0,Kraus und Karnath GbR 2Kit Consulting,220880.0,0.538933138459724,Entertainment,Entertainment
932747118,130,Shadowrocket,932747118.0,2.99,USD,Utilities,4.46662,10681.0,Shadow Launch Technology Limited,213620.0,0.5350188095510249,Productivity,Productivity
443321291,131,CCW – Concealed Carry 50 State,443321291.0,1.99,USD,Reference,4.84743,9943.0,Workman Consulting LLC,198860.0,0.5311625805532896,Education,Education
868692227,132,Goat Simulator,868692227.0,6.99,USD,Games,4.45458,9305.0,Coffee Stain Publishing,186100.0,0.5273631553861322,Games,Games
894811756,133,PromptSmart Pro - Teleprompter,894811756.0,29.99,USD,Photo & Video,4.57435,9959.0,PromptSmart,199180.0,0.5236192764114542,Entertainment,Entertainment
741990930,134,Walkout Song DJ,741990930.0,6.99,USD,Music,4.79859,10481.0,Joseph Vidunas,209620.0,0.5199297230147971,Entertainment,Entertainment
864880531,135,Civilization Revolution 2,,,,,,,,,0.5162933102491714,,
561352659,136,Boondocking,561352659.0,0.99,USD,Travel,4.57123,9210.0,William Modesitt,184200.0,0.51270888753817,Travel,Travel
1398182637,137,OneCast - Xbox Remote Play,1398182637.0,0.0,USD,Games,4.48181,9238.0,Bitwise Solutions Limited,184760.0,0.5091753374353617,Games,Games
298206806,138,iReal Pro,298206806.0,19.99,USD,Music,4.86563,9920.0,Technimo LLC,198400.0,0.5056915744371305,Entertainment,Entertainment
1297430468,139,Florence,1297430468.0,2.99,USD,Games,4.55377,8713.0,Annapurna Interactive,174260.0,0.5022565438462924,Games,Games
1179236591,140,Sleep Tracker ++,1179236591.0,1.99,USD,Health & Fitness,4.40541,8648.0,Vimo Labs Inc.,172960.0,0.49886922068396866,Lifestyle,Lifestyle
927098908,141,Pro Camera by Moment,927098908.0,8.99,USD,Photo & Video,4.57441,9105.0,Moment Inc.,182100.0,0.49552860864734066,Entertainment,Entertainment
466388978,142,My Contacts Backup Pro,466388978.0,1.99,USD,Productivity,4.71558,8709.0,GLOBILE BILISIM BILGISAYAR HIZMETLERI ILETISIM DANISMANLIK SANAYI TICARET LIMITED SIRKETI,174180.0,0.49223373911103874,Productivity,Productivity
549105915,143,True Skate,549105915.0,1.99,USD,Games,3.8196,8692.0,True Axis,173840.0,0.4889836701700503,Games,Games
1478611992,144,Farming Simulator 20,1478611992.0,5.99,USD,Games,4.40151,8727.0,GIANTS Software GmbH,174540.0,0.48577748572214063,Games,Games
1093924230,145,iAnnotate 4 — PDFs & more,1093924230.0,9.99,USD,Productivity,4.73036,8708.0,"Branchfire, Inc.",174160.0,0.48261429458789623,Productivity,Productivity
1508720931,146,Meditation by Soothing Pod,1508720931.0,14.99,USD,Health & Fitness,4.79499,8619.0,Miinu Limited,172380.0,0.4794932296665999,Lifestyle,Lifestyle
392538848,147,ToonCamera,392538848.0,4.99,USD,Photo & Video,4.76586,8508.0,Code Organa,170160.0,0.47641344712624534,Entertainment,Entertainment
482303584,148,PDG PROmote 2023-2025,482303584.0,34.99,USD,Education,4.81541,9421.0,ForceReadiness.com,188420.0,0.47337412562608755,Education,Education
1459520638,149,Wingspan: The Board Game,1459520638.0,9.99,USD,Games,4.85435,11521.0,Monster Couch,230420.0,0.4703744655702152,Games,Games
694647259,150,ProCamera. Professional Camera,694647259.0,0.0,USD,Photo & Video,4.73434,10009.0,Cocologics,200180.0,0.4674136883907057,Entertainment,Entertainment
483241160,151,TimePassages Pro,483241160.0,59.99,USD,Lifestyle,4.88724,8629.0,AstroGraph Software,172580.0,0.4644910358590044,Lifestyle,Lifestyle
593306620,152,Units Plus Converter,593306620.0,6.99,USD,Utilities,4.85433,8341.0,Alan Mrvica,166820.0,0.46160576942423703,Productivity,Productivity
1261834568,153,Shadow Fight 2 Special Edition,1261834568.0,4.99,USD,Games,4.71598,8799.0,Nekki Limited,175980.0,0.45875716957723334,Games,Games
453571750,154,Knots 3D,453571750.0,5.99,USD,Reference,4.89907,10622.0,Nynix,212440.0,0.4559445352391022,Education,Education
1610947489,155,Poppy Playtime Chapter 1,1610947489.0,2.99,USD,Games,4.44284,9421.0,"Mob Entertainment, Inc",188420.0,0.45316718317325894,Games,Games
401533966,156,eWeather HD - Weather & Alerts,401533966.0,3.99,USD,Weather,4.67886,8367.0,Elecont LLC,167340.0,0.4504244474198584,Weather,Weather
410148139,157,NOAA Weather Radio,410148139.0,4.99,USD,Weather,4.24014,9124.0,Christopher Coudriet,182480.0,0.4477156787516454,Weather,Weather
335709058,158,Stylebook,335709058.0,4.99,USD,Lifestyle,4.66948,8269.0,"left brain / right brain, LLC",165380.0,0.44504024415028,Lifestyle,Lifestyle
463565130,159,⋆Solitaire+,463565130.0,11.99,USD,Games,4.71936,7804.0,PlayStudios,156080.0,0.4423975263022417,Games,Games
430234732,160,Site Audit Pro,430234732.0,12.9,USD,Productivity,4.83166,9154.0,Veam Studios Ltd,183080.0,0.43978692311346596,Productivity,Productivity
1273547462,161,Whole Eats,1273547462.0,2.99,USD,Health & Fitness,4.40408,7741.0,Finnsane Productions LLC,154820.0,0.4372078472419016,Lifestyle,Lifestyle
1114127463,162,Reigns,1114127463.0,2.99,USD,Games,4.758,7612.0,Devolver,152240.0,0.4346597256472234,Games,Games
557405467,163,Network Analyzer Pro,557405467.0,3.99,USD,Utilities,4.7797,8384.0,Techet,167680.0,0.4321419991569666,Productivity,Productivity
388857410,164,Blackjack & Card Counting Pro,388857410.0,4.99,USD,Games,4.83513,9013.0,Dealer Bust Time LLC,180260.0,0.4296541220483908,Games,Games
529092671,165,WhoSampled,529092671.0,3.99,USD,Music,4.85723,8006.0,WhoSampled,160120.0,0.42719556164540773,Entertainment,Entertainment
478293637,166,Anytune Pro+,478293637.0,14.99,USD,Music,4.8774,7814.0,Anytune Inc.,156280.0,0.42476579792994523,Entertainment,Entertainment
973482987,167,Five Nights at Freddy's 3,973482987.0,2.99,USD,Games,4.54054,7387.0,CLICKTEAM LLC USA,147740.0,0.42236432316714656,Games,Games
1111420122,168,Hear My Baby Heart beat App,1111420122.0,7.99,USD,Medical,3.86891,7285.0,Fat Cigar Productions Ltd,145700.0,0.4199906415438316,Health,Health
1135992985,169,TV Cast Pro for Chromecast,1135992985.0,9.99,USD,Photo & Video,4.29004,7723.0,Kraus und Karnath GbR 2Kit Consulting,154460.0,0.41764426881967753,Entertainment,Entertainment
1125003546,170,TV Cast Pro for Fire TV,1125003546.0,9.99,USD,Photo & Video,3.78183,7430.0,Kraus und Karnath GbR 2Kit Consulting,148600.0,0.41532473199059666,Entertainment,Entertainment
404990064,171,SkyView®,404990064.0,2.99,USD,Education,4.58819,7552.0,Terminal Eleven LLC,151040.0,0.41303156896381776,Education,Education
1361473095,172,MuseDash,1361473095.0,2.99,USD,Games,4.87437,7944.0,"HasuHasu Co.,Ltd.",158880.0,0.4107643282441979,Games,Games
634158738,173,e-Sword LT: Bible Study to Go,634158738.0,3.99,USD,Reference,4.83812,6962.0,Rick Meyers,139240.0,0.4085225686313138,Education,Education
1044950341,174,Streaks Workout,1044950341.0,4.99,USD,Health & Fitness,4.76022,6898.0,Crunchy Bagel,137960.0,0.40630585892690224,Lifestyle,Lifestyle
510461370,175,Bike Race Pro: Motor Racing,510461370.0,0.99,USD,Games,4.8227,6926.0,Wildlife Studios,138520.0,0.4041137776522395,Games,Games
1115022026,176,The Secret To Money,1115022026.0,4.99,USD,Lifestyle,4.83443,6698.0,Creste LLC,133960.0,0.4019459127750667,Lifestyle,Lifestyle
1353471030,177,Terraforming Mars,1353471030.0,8.99,USD,Games,4.50587,7075.0,Twin Sails Interactive,141500.0,0.3998018614456877,Games,Games
494333145,178,Accounts 2 Checkbook,494333145.0,3.99,USD,Finance,4.55487,6634.0,SVT Software,132680.0,0.3976812297418798,Finance,Outside Good
563960217,179,Blackbird!,563960217.0,1.99,USD,Games,4.74197,6724.0,R. Don Wilson,134480.0,0.3955836324222778,Games,Games
727544019,180,Street Kart #1 Go Kart Game,727544019.0,0.0,USD,Games,4.6914,7696.0,Fat Cigar Productions Ltd,153920.0,0.3935086926879021,Games,Games
1599230728,181,Solar Snap,1599230728.0,1.99,USD,Photo & Video,4.678,6382.0,Rise Up Games,127640.0,0.3914560419515199,Entertainment,Entertainment
427341961,182,Birthday Reminder Pro+,427341961.0,0.99,USD,Social Networking,4.7647,6328.0,FunPokes Inc.,126560.0,0.3894253196145398,Social,Outside Good
301154120,183,Cribbage Premium,301154120.0,0.0,USD,Games,4.68907,7555.0,WildCard Classics Inc,151100.0,0.38741617285115443,Games,Games
285994151,184,:) Sudoku +,,,,,,,,,0.38542825639945727,,
1492218078,185,CDOT Colorado Road Conditions,1492218078.0,0.0,USD,Navigation,4.5611,7635.0,"LW Brands, LLC",152700.0,0.3834612323592715,Travel,Travel
608540795,186,Tunable – Tuner & Metronome,608540795.0,7.99,USD,Music,4.81532,6568.0,AffinityBlue,131360.0,0.38151476999644096,Entertainment,Entertainment
304871603,187,Color Splash,304871603.0,1.99,USD,Photo & Video,4.86395,6388.0,Pocket Pixels Inc.,127760.0,0.37958854555334276,Entertainment,Entertainment
1319618742,188,Getting Over It,1319618742.0,4.99,USD,Games,4.30743,6564.0,Bennett Foddy,131280.0,0.3776822420653921,Games,Games
1187265767,189,Monument Valley 2,1187265767.0,3.99,USD,Games,4.57566,9191.0,ustwo games,183820.0,0.37579554918331776,Games,Games
1199551273,190,b-hyve pro,1199551273.0,9.99,USD,Lifestyle,4.6963,7323.0,Hydro Rain Inc.,146460.0,0.37392816300100035,Lifestyle,Lifestyle
1498550832,191,ASCCP Management Guidelines,1498550832.0,14.99,USD,Medical,4.75982,7615.0,American Society for Colposcopy and Cervical Pathology Inc,152300.0,0.3720797858886667,Health,Health
679454835,192,Rarevision VHS - Retro 80s Cam,679454835.0,5.99,USD,Photo & Video,4.66877,6663.0,Rarevision,133260.0,0.37025012633125126,Entertainment,Entertainment
1622869542,193,Kingdom Rush 5: Alliance TD,1622869542.0,6.99,USD,Games,4.84518,11918.0,Ironhide S.A.,238360.0,0.36843889877173464,Games,Games
351986992,194,StarMap 3D+ Plus,351986992.0,2.99,USD,Education,4.83643,6591.0,Sanville Software,131820.0,0.366645823459284,Education,Education
497880658,195,J23 - Release Dates & Restocks,497880658.0,1.99,USD,Sports,4.7634,8098.0,"Plan23, LLC",161960.0,0.3648706263020224,Sports,Outside Good
1453875289,196,Hyper Light Drifter,1453875289.0,2.99,USD,Games,4.87199,6515.0,Abylight S.L.,130300.0,0.363113038724264,Games,Games
1502228408,197,75 Hard,1502228408.0,0.0,USD,Health & Fitness,4.58662,6309.0,"44SEVEN MEDIA, LLC",126180.0,0.36137279752805757,Lifestyle,Lifestyle
673120263,198,Step Out! Smart Alarm Clock,673120263.0,1.99,USD,Lifestyle,4.05177,6104.0,WeHelp,122080.0,0.3596496447588872,Lifestyle,Lifestyle
406150030,199,Word Lookup Pro,406150030.0,4.99,USD,Games,4.79714,6285.0,Peter Hunt,125700.0,0.35794332757538444,Games,Games
1464645812,200,Company of Heroes,1464645812.0,14.99,USD,Games,4.76185,6349.0,Feral Interactive Ltd,126980.0,0.3562535981229137,Games,Games
687421118,201,Buddhify: Guided Meditation,687421118.0,4.99,USD,Health & Fitness,4.75197,6100.0,CELESTIAN GOLDEN APPS,122000.0,0.3545802134108962,Lifestyle,Lifestyle
608515289,202,Weather Mate Pro - Forecast,608515289.0,7.99,USD,Weather,4.66212,6008.0,DylogicApps Pvt Ltd,120160.0,0.35292293519374474,Weather,Weather
830544402,203,Leo's Fortune,830544402.0,4.99,USD,Games,4.74343,6139.0,1337 & Senri LLC,122780.0,0.3512815298552845,Games,Games
435352951,204,PROmote - Army Study Guide,435352951.0,5.99,USD,Education,4.7544,6018.0,ForceReadiness.com,120360.0,0.34965576829654266,Education,Education
1642601792,205,The Past Within,1642601792.0,2.99,USD,Games,4.87035,6726.0,Rusty Lake,134520.0,0.34804542582679165,Games,Games
1456547302,206,A Dance of Fire and Ice,1456547302.0,1.99,USD,Games,4.82304,7171.0,7th Beat Games S.A.C.,143420.0,0.34645028205773676,Games,Games
611436052,207,Star Wars™: KOTOR,611436052.0,9.99,USD,Games,4.26671,5999.0,"Aspyr Media, Inc.",119980.0,0.3448701208007428,Games,Games
1242467844,208,TONALY: Write & Practice Songs,1242467844.0,9.99,USD,Music,4.77511,6114.0,Christian Hengst Daniels,122280.0,0.3433047299669978,Entertainment,Entertainment
299466740,209,Backgammon Premium,299466740.0,2.99,USD,Games,4.56399,6181.0,WildCard Classics Inc,123620.0,0.3417539014705164,Games,Games
458535809,210,Calculator ∞,458535809.0,5.99,USD,Education,4.69536,6073.0,Incpt.Mobis,121460.0,0.3402174311338897,Education,Education
1126056361,211,TV Cast Pro for Roku,1126056361.0,9.99,USD,Photo & Video,4.28808,6401.0,Kraus und Karnath GbR 2Kit Consulting,128020.0,0.3386951185966897,Entertainment,Entertainment
728293409,212,Monument Valley,728293409.0,3.99,USD,Games,4.73796,9281.0,ustwo games,185620.0,0.33718676722644275,Games,Games
487024834,213,⋆Spider Solitaire+,487024834.0,11.99,USD,Games,4.80629,5694.0,Brainium Studios LLC,113880.0,0.33569218403208745,Games,Games
284942719,214,Universalis,284942719.0,9.99,USD,Lifestyle,4.92078,7523.0,Universalis Publishing,150460.0,0.33421117957983715,Lifestyle,Lifestyle
1254864644,215,Nexomon,1254864644.0,0.99,USD,Games,4.74722,5661.0,"LIME TURTLE, INC.",113220.0,0.3327435679113679,Games,Games
1346580540,216,Motorsport Manager Mobile 3,1346580540.0,1.99,USD,Games,4.88652,5658.0,Playsport Games Ltd,113160.0,0.331289166464259,Games,Games
1465749734,217,THE GAME OF LIFE: Road Trip,1465749734.0,1.99,USD,Games,4.70986,5773.0,Marmalade Game Studio,115460.0,0.32984779599461284,Games,Games
499470113,218,FE File Explorer Pro,499470113.0,4.99,USD,Utilities,4.72068,5721.0,"Skyjos Co., Ltd.",114420.0,0.3284192805017841,Productivity,Productivity
881270303,219,XCOM®: Enemy Within,881270303.0,4.99,USD,Games,4.34258,5552.0,2K,111040.0,0.32700344715515367,Games,Games
585259203,220,Super Stickman Golf 2,585259203.0,0.99,USD,Games,4.60149,5458.0,Noodlecake,109160.0,0.32560012622287954,Games,Games
891194610,221,Earn to Die 2,891194610.0,0.29,USD,Games,4.6565,5540.0,Not Doppler,110800.0,0.32420915100256587,Games,Games
852197796,222,Red Ball 4,852197796.0,4.99,USD,Games,4.75636,6686.0,FDG Entertainment GmbH & Co.KG,133720.0,0.3228303577537873,Games,Games
1499849161,223,Ultimate Custom Night,1499849161.0,2.99,USD,Games,4.6227,5733.0,CLICKTEAM LLC USA,114660.0,0.32146358563241295,Games,Games
306628397,224,Phrase Party! — Guess Phrases,306628397.0,1.99,USD,Games,4.71143,5680.0,logan sease,113600.0,0.32010867662667286,Games,Games
1568551599,225,1000 Hours Outside,1568551599.0,0.0,USD,Lifestyle,4.79843,6484.0,Team Yurich LLC,129680.0,0.3187654754949137,Lifestyle,Lifestyle
494472589,226,eZy Watermark Photos Pro,494472589.0,5.99,USD,Photo & Video,4.79172,5459.0,Whizpool,109180.0,0.3174338297049921,Entertainment,Entertainment
302981385,227,Spite & Malice,302981385.0,2.99,USD,Games,4.74589,5777.0,WildCard Classics Inc,115540.0,0.31611358937525486,Games,Games
1477203766,228,Total War: MEDIEVAL II,1477203766.0,14.99,USD,Games,4.87106,6437.0,Feral Interactive Ltd,128740.0,0.3148046072170579,Games,Games
315322445,229,Lexulous Word Game,315322445.0,1.99,USD,Games,4.71027,5619.0,RJS Tech Solutions LLP,112380.0,0.3135067384787778,Games,Games
932128168,230,Stick Nodes Pro - Animator,932128168.0,3.99,USD,Entertainment,4.79746,5851.0,"ForTheLoss Games, Inc",117020.0,0.31221984089127014,Entertainment,Entertainment
918997182,231,EvoCreo™: Pocket Monster Like,918997182.0,0.0,USD,Games,4.68727,5647.0,Ilmfinity Studios LLC,112940.0,0.3109437746147313,Games,Games
884153085,232,"Remote, Mouse & Keyboard Pro",884153085.0,20.0,USD,Utilities,4.74901,5311.0,Remote Sunrise LTD,106220.0,0.3096784021869226,Productivity,Productivity
492076105,233,iCalendar,492076105.0,2.99,USD,Productivity,4.72511,5264.0,"Symfonies, Inc.",105280.0,0.30842358847271434,Productivity,Productivity
938922963,234,pwSafe 2 - Password Safe,938922963.0,2.99,USD,Utilities,4.74803,5104.0,Huvisoft B.V.,102080.0,0.3071792006149127,Productivity,Productivity
317703490,235,Flight Update Pro,317703490.0,0.99,USD,Travel,4.54093,5204.0,"Silverware Software, LLC",104080.0,0.30594510798633007,Travel,Travel
347400507,236,Pocket Yoga,347400507.0,2.99,USD,Health & Fitness,4.76928,5123.0,"Rainfrog, LLC",102460.0,0.3047211821430623,Lifestyle,Lifestyle
1252035454,237,SIMULACRA,1252035454.0,4.99,USD,Games,4.86958,5122.0,Kaigan Games OÜ,102440.0,0.30350729677893906,Games,Games
966245474,238,Through the Ages,966245474.0,9.99,USD,Games,4.88337,5093.0,CGE Digital s.r.o.,101860.0,0.30230332768111057,Games,Games
1234214894,239,Ravit - Ravelry on the hop,1234214894.0,4.99,USD,Lifestyle,4.82362,5086.0,Enhancient,101720.0,0.30110915268674,Lifestyle,Lifestyle
1557908115,240,Tik Watch,1557908115.0,4.99,USD,Social Networking,4.3631,5252.0,BEST SOCIAL APPS DEVELOPMENT LTD,105040.0,0.2999246516407682,Social,Outside Good
465180749,241,Convert Any Unit,465180749.0,9.99,USD,Travel,4.82366,5149.0,Cider Software LLC,102980.0,0.2987497063547204,Travel,Travel
1039141908,242,LEGO® Ninjago™,1039141908.0,4.99,USD,Games,3.28128,5187.0,Warner Bros.,103740.0,0.29758420056652435,Games,Games
1330451888,243,Pocket City,1330451888.0,2.99,USD,Games,4.67103,5040.0,Codebrew Games Inc.,100800.0,0.29642801990131223,Games,Games
1175031995,244,My Lightning Tracker Pro,1175031995.0,4.99,USD,Weather,4.80999,5568.0,JRustonApps B.V.,111360.0,0.295281051833177,Weather,Weather
340779800,245,The Christmas List,340779800.0,2.99,USD,Shopping,4.81838,5027.0,Erik Eggleston,100540.0,0.29414318564785674,E-commerce,Outside Good
1349292121,246,supertype,1349292121.0,1.99,USD,Games,4.8087,5081.0,Philipp Stollenmayer,101620.0,0.293014312406321,Games,Games
287316432,247,AyeTides,287316432.0,7.99,USD,Navigation,4.82235,4869.0,Hahn Software LLC,97380.0,0.2918943249092331,Travel,Travel
1469235524,248,The House of Da Vinci 3,1469235524.0,5.99,USD,Games,4.8376,5431.0,Blue Brain Games,108620.0,0.2907831176622651,Games,Games
1020486527,249,My Hurricane Tracker Pro,1020486527.0,3.99,USD,Weather,4.78411,5461.0,JRustonApps B.V.,109220.0,0.2896805868422398,Weather,Weather
1454836235,250,Military Money: Pay & Pension,1454836235.0,0.0,USD,Finance,4.80091,5450.0,"Deeline Productions, LLC",109000.0,0.2885866302640784,Finance,Outside Good
578451869,251,Road to Hana Maui GyPSy Guide,578451869.0,14.99,USD,Travel,4.87148,4941.0,GyPSy Guide LLC,98820.0,0.2875011473485312,Travel,Travel
1484024784,252,Meridian 157: Chapter 1,1484024784.0,1.99,USD,Games,4.72499,5000.0,NovaSoft Interactive Ltd,100000.0,0.2864240390906691,Games,Games
1065360416,253,BimmerLink for BMW and MINI,1065360416.0,39.99,USD,Productivity,4.67898,6445.0,SG Software GmbH & Co. KG,128900.0,0.28535520802911546,Productivity,Productivity
1437669537,254,Bendy and the Ink Machine,1437669537.0,4.99,USD,Games,4.48967,4985.0,Joey Drew Studios Inc.,99700.0,0.28429455821599836,Games,Games
1242115154,255,NOAA Marine Forecast & Weather,1242115154.0,1.99,USD,Weather,4.64863,4861.0,"LW Brands, LLC",97220.0,0.2832419951876032,Weather,Weather
401457165,256,System Status Pro: hw monitor,401457165.0,3.99,USD,Utilities,4.76063,5151.0,Techet,103020.0,0.28219742593570657,Productivity,Productivity
975770717,257,My Earthquake Alerts Pro,975770717.0,2.99,USD,Weather,4.77525,5268.0,JRustonApps B.V.,105360.0,0.28116075887957354,Weather,Weather
550946484,258,Word Chums,550946484.0,4.99,USD,Games,4.88052,4888.0,"PeopleFun, Inc.",97760.0,0.2801319038386001,Games,Games
371817955,259,Sporty's E6B Flight Computer,371817955.0,9.99,USD,Navigation,4.90071,5056.0,Sporty's Pilot Shop,101120.0,0.27911077200558315,Travel,Travel
1626202774,260,American Farming,1626202774.0,7.99,USD,Games,4.48216,6193.0,SquadBuilt Inc,123860.0,0.27809727592060224,Games,Games
552517300,261,Spider ▻ Solitaire +,552517300.0,4.99,USD,Games,4.84493,4946.0,"PeopleFun CG, LLC",98920.0,0.2770913294454957,Games,Games
325307477,262,"AudioTools - dB, Sound & Audio",325307477.0,19.99,USD,Music,4.78332,4832.0,Andrew Smith,96640.0,0.2760928477389161,Entertainment,Entertainment
448474423,263,Couch to 5K® - Run training,448474423.0,4.99,USD,Health & Fitness,4.61787,4645.0,"Active Network, LLC",92900.0,0.27510174723194963,Lifestyle,Lifestyle
518167210,264,▻ Solitaire +,518167210.0,4.99,USD,Games,4.79019,4809.0,"PeopleFun CG, LLC",96180.0,0.27411794560428404,Games,Games
380450781,265,Remote Mouse Pro,380450781.0,14.99,USD,Utilities,4.6571,4564.0,耀 阮,91280.0,0.27314136176091197,Productivity,Productivity
1146997581,266,Adult Emojis Icons Pro - Naughty Emoji Faces Stickers Keyboard Emoticons for Texting,1146997581.0,3.99,USD,Shopping,3.79043,4471.0,丽银 黄,89420.0,0.2721719158093539,E-commerce,Outside Good
1133867070,267,Emoticons Keyboard Pro - Adult Emoji for Texting,1133867070.0,3.99,USD,Shopping,3.83908,4412.0,建钧 黎,88240.0,0.27120952903738926,E-commerce,Outside Good
971304016,268,Lara Croft GO,971304016.0,4.99,USD,Games,4.77406,4488.0,Deca Live Operations GmbH,89760.0,0.27025412389128095,Games,Games
382011064,269,Friendly Plus Social Browser,382011064.0,0.99,USD,Social Networking,4.29392,4372.0,"Friendly, Inc.",87440.0,0.2693056239544807,Social,Outside Good
1455781522,270,FNaF 6: Pizzeria Simulator,1455781522.0,2.99,USD,Games,4.58966,4489.0,CLICKTEAM LLC USA,89780.0,0.26836395392680423,Games,Games
295798315,271,Documents,295798315.0,4.99,USD,Business,4.54451,4426.0,Savy Soda Pty Ltd,88520.0,0.2674290396040625,Productivity,Productivity
6463616555,272,Ticket to Ride: The Board Game,6463616555.0,4.99,USD,Games,4.5217,8154.0,Marmalade Game Studio,163080.0,0.2665008078581382,Games,Games
1240380955,273,Life Application Study Bible,1240380955.0,19.99,USD,Reference,4.94665,4856.0,"Tecarta, Inc.",97120.0,0.2655791866174963,Education,Education
576443892,274,Logo Creator & Maker,576443892.0,0.99,USD,Business,4.77349,4375.0,Logo Maker LLC,87500.0,0.26466410484811764,Productivity,Productivity
982354972,275,Lifeline...,982354972.0,2.99,USD,Games,4.65038,4379.0,"3 Minute Games, Inc.",87580.0,0.2637554925348438,Games,Games
321817464,276,PinPal,321817464.0,8.99,USD,Sports,4.90353,4561.0,Jeff Stuart,91220.0,0.2628532806631248,Sports,Outside Good
304731501,277,Tempo - Metronome with Setlist,304731501.0,2.99,USD,Music,4.80288,4500.0,Frozen Ape Pte. Ltd.,90000.0,0.26195740120115774,Entertainment,Entertainment
1126058329,278,TV Cast Pro for LG webOS,1126058329.0,9.99,USD,Photo & Video,3.26091,4607.0,Kraus und Karnath GbR 2Kit Consulting,92140.0,0.2610677870824081,Entertainment,Entertainment
688166777,279,Extreme Hand and Foot,688166777.0,3.99,USD,Games,4.64661,4089.0,James Swiney,81780.0,0.26018437218850254,Games,Games
283436103,280,Solitaire City (Ad Free),283436103.0,4.99,USD,Games,4.58797,4206.0,Digital Smoke LLC,84120.0,0.25930709133248586,Games,Games
659353189,281,IntroMate - Intro Maker for YT,659353189.0,3.99,USD,Photo & Video,4.83849,4105.0,Ralph Hubner,82100.0,0.25843588024243125,Entertainment,Entertainment
495583407,282,Jigsaw Puzzle Pro,495583407.0,9.99,USD,Games,4.37348,4019.0,"Critical Hit Software, LLC",80380.0,0.25757067554539703,Games,Games
311395924,283,Chess Premium,311395924.0,1.99,USD,Games,4.67094,4373.0,Optime Software LLC,87460.0,0.25671141475171944,Games,Games
376374689,284,Doodle God™,376374689.0,0.99,USD,Games,4.60234,4011.0,JoyBits Ltd.,80220.0,0.25585803623963455,Games,Games
1311353234,285,Bridge Constructor Portal,1311353234.0,1.99,USD,Games,4.77504,4023.0,Headup GmbH,80460.0,0.2550104792402216,Games,Games
1132542642,286,Eric Carle’s Brown Bear Animal Parade,1132542642.0,3.99,USD,Games,4.47677,4025.0,StoryToys Limited,80500.0,0.2541686838226579,Games,Games
615380696,287,Toolbox™,615380696.0,1.99,USD,Utilities,4.68028,4163.0,Tue Nguyen Minh,83260.0,0.2533325908797804,Productivity,Productivity
1326943979,288,ABA Wizard,1326943979.0,14.99,USD,Education,4.80912,3861.0,"Test Prep Technologies, LLC",77220.0,0.252502142113945,Education,Education
480102733,289,Awesome Calendar,480102733.0,9.99,USD,Productivity,4.6349,3862.0,YunaSoft Inc.,77240.0,0.25167728002317596,Productivity,Productivity
1200952700,290,Road Trip Guide by Fotospot,1200952700.0,3.99,USD,Travel,4.78382,3969.0,I Heart Travel Inc.,79380.0,0.25085794788760035,Travel,Travel
1439886655,291,Cultist Simulator,1439886655.0,6.99,USD,Games,4.81124,4074.0,Playdigious,81480.0,0.25004408975615877,Games,Games
941380906,292,Attack the Light,,,,,,,,,0.24923565043358709,,
1069549814,293,The Binding of Isaac: Rebirth,1069549814.0,14.99,USD,Games,4.50286,4003.0,"Nicalis, Inc.",80060.0,0.248432575467662,Games,Games
1455659335,294,Dunder Inc.,1455659335.0,0.99,USD,Games,4.73979,3843.0,Nigelware,76860.0,0.24763481113670482,Games,Games
1567658979,295,SkySafari 7 Pro,1567658979.0,24.99,USD,Reference,4.68462,4826.0,Simulation Curriculum Corp.,96520.0,0.24684230443733662,Education,Education
1298544927,296,My Child Lebensborn,1298544927.0,2.99,USD,Games,4.81241,4078.0,Sarepta Studio AS,81560.0,0.24605500307247977,Games,Games
570306657,297,LEGO Batman: DC Super Heroes,570306657.0,4.99,USD,Games,4.02123,3863.0,Warner Bros.,77260.0,0.24527285543959929,Games,Games
1035689743,298,BusyCal: Calendar & Tasks,1035689743.0,9.99,USD,Productivity,4.68831,4142.0,Busy Apps FZE,82840.0,0.2444958106191789,Productivity,Productivity
1522926196,299,Messiahs,1522926196.0,2.99,USD,Games,4.58432,3700.0,Fatih Beceren,74000.0,0.2437238183634263,Games,Games
654806302,300,USFS & BLM Campgrounds,654806302.0,0.99,USD,Travel,4.53582,4048.0,Kyle Modesitt,80960.0,0.24295682908520178,Travel,Travel
294631159,301,WeatherPro,294631159.0,0.99,USD,Weather,4.67706,3753.0,DTN Germany GmbH.,75060.0,0.24219479384716622,Weather,Weather
363360636,302,Ship Finder,363360636.0,4.99,USD,Navigation,4.24076,3788.0,pinkfroot limited,75760.0,0.24143766435114197,Travel,Travel
1542899856,303,Scanner Lens,1542899856.0,1.99,USD,Productivity,4.81517,3625.0,Atlasv Global Pte. Ltd.,72500.0,0.24068539292768315,Productivity,Productivity
1323070827,304,Teen Titans Go! Figure,,,,,,,,,0.23993793252584916,,
1453838527,305,Age of History II,1453838527.0,4.99,USD,Games,4.1492,3854.0,Lukasz Jakowski Games,77080.0,0.2391952367031781,Games,Games
1179462965,306,Farming USA 2,1179462965.0,3.99,USD,Games,4.30518,3755.0,Bowen Games LLC,75100.0,0.23845725961585484,Games,Games
554937499,307,Earn to Die,554937499.0,0.99,USD,Games,4.77872,3638.0,Not Doppler,72760.0,0.23772395600906918,Games,Games
1502818559,308,ACNH Travel Guide,1502818559.0,3.99,USD,Reference,4.90914,3753.0,Jeffrey Kuiken,75060.0,0.23699528120756044,Education,Education
1420774597,309,Nautical Charts & Maps,1420774597.0,8.99,USD,Navigation,4.62692,3707.0,"LW Brands, LLC",74140.0,0.23627119110634376,Travel,Travel
1073698593,310,LEGO® Jurassic World™,1073698593.0,4.99,USD,Games,4.25884,3790.0,Warner Bros.,75800.0,0.23555164216161428,Games,Games
575154654,311,Pou,575154654.0,1.99,USD,Games,4.35391,3758.0,Zakeh Limited,75160.0,0.23483659138182547,Games,Games
484090401,312,Akinator VIP,484090401.0,3.99,USD,Entertainment,4.35085,3711.0,Elokence,74220.0,0.2341259963189367,Entertainment,Entertainment
937976391,313,Heads Up! Charades for Kids,937976391.0,4.99,USD,Games,4.69855,3732.0,Warner Bros.,74640.0,0.23341981505982787,Games,Games
1371965583,314,The Gardens Between,1371965583.0,4.99,USD,Games,4.76621,3623.0,THE VOXEL AGENTS PTY. LTD.,72460.0,0.23271800621787606,Games,Games
744882019,315,GraphNCalc83,744882019.0,12.99,USD,Education,4.8761,3761.0,Ernest Brock,75220.0,0.23202052892469135,Education,Education
569371565,316,Countdown Star (Ad-Free),569371565.0,0.99,USD,Entertainment,4.74556,3545.0,Joseph Merrill,70900.0,0.23132734282200812,Entertainment,Entertainment
737006024,317,LEGO® Marvel Super Heroes,737006024.0,4.99,USD,Games,3.412,3534.0,Warner Bros.,70680.0,0.23063840805372798,Games,Games
533299240,318,Glucose Buddy+ for Diabetes,533299240.0,1.99,USD,Medical,4.8159,3395.0,Azumio Inc.,67900.0,0.22995368525811244,Health,Health
645384141,319,Cachly - Geocaching,645384141.0,4.99,USD,Navigation,4.76682,3521.0,Zed Said Studio LLC,70420.0,0.2292731355601198,Travel,Travel
293656711,320,Perfect OB Wheel,293656711.0,1.99,USD,Medical,4.91824,3449.0,Evan Schoenberg,68980.0,0.22859672056388533,Health,Health
1665706687,321,Underground Blossom,1665706687.0,2.99,USD,Games,4.92389,3994.0,Rusty Lake,79880.0,0.2279244023453404,Games,Games
1005658093,322,The Escapists: Prison Escape,1005658093.0,4.99,USD,Games,4.41308,3302.0,Team17 Digital Limited,66040.0,0.2272561434449678,Games,Games
405835358,323,MilGPS,405835358.0,12.99,USD,Navigation,4.84037,4830.0,Cascode Labs Pty Ltd,96600.0,0.22659190686069058,Travel,Travel
1504150811,324,Ghost SLS,1504150811.0,0.0,USD,Entertainment,4.42753,3284.0,"OurBigAdventure, LLC",65680.0,0.22593165604089102,Entertainment,Entertainment
926177061,325,TinType by Hipstamatic,926177061.0,0.99,USD,Photo & Video,4.80504,3406.0,"Hipstamatic, LLC",68120.0,0.22527535487755776,Entertainment,Entertainment
1600087840,326,Spirit Talker Communicator ITC,1600087840.0,4.99,USD,Entertainment,4.5887,4335.0,Bello Studios LLC,86700.0,0.22462296769955759,Entertainment,Entertainment
573192227,327,CloudBeats: Cloud Music Player,573192227.0,9.99,USD,Music,4.69803,3358.0,Roman Burda,67160.0,0.22397445926602935,Entertainment,Entertainment
1533979882,328,Northgard,1533979882.0,5.99,USD,Games,4.60508,3426.0,Playdigious,68520.0,0.22332979475989823,Games,Games
1450635907,329,Zombie Night Terror,1450635907.0,6.99,USD,Games,4.77195,3315.0,Plug In Digital,66300.0,0.2226889397815065,Games,Games
6450058135,330,Unpacking,6450058135.0,9.99,USD,Games,4.80122,5247.0,Humble Bundle,104940.0,0.2220518603423595,Games,Games
335445693,331,Backgammon Pro,335445693.0,1.99,USD,Games,4.54396,3287.0,Optime Software LLC,65740.0,0.2214185228589836,Games,Games
1032743715,332,Teeny Titans - Teen Titans Go!,,,,,,,,,0.2207888941468945,,
980016643,333,Word Master - Pro,980016643.0,4.99,USD,Games,4.84263,3641.0,Luis Gualandi,72820.0,0.2201629414146729,Games,Games
6446508218,334,Fantasy Football Draft Kit '24,,,,,,,,,0.21954063225814552,,
320300350,335,Virtual Families,320300350.0,1.99,USD,Games,4.25178,3086.0,"LDW Software, LLC",61720.0,0.21892193465466986,Games,Games
1012298403,336,Don't Starve: Pocket Edition,1012298403.0,4.99,USD,Games,4.49812,3196.0,Klei,63920.0,0.21830681695751972,Games,Games
721000562,337,Tide Graph Pro,721000562.0,5.99,USD,Navigation,4.84572,3364.0,Brainware LLC,67280.0,0.21769524789036948,Travel,Travel
365876767,338,Spite & Malice HD,365876767.0,4.99,USD,Games,4.73196,3257.0,WildCard Classics Inc,65140.0,0.2170871965418763,Games,Games
1088672024,339,Fitmeter Bike - GPS Cycling,1088672024.0,5.99,USD,Health & Fitness,4.79434,3365.0,Volker Schueppel,67300.0,0.21648263236035628,Lifestyle,Lifestyle
1184204602,340,ProMovie Recorder +,1184204602.0,2.99,USD,Photo & Video,4.72183,2973.0,Panda Apps Limited,59460.0,0.21588152514855422,Entertainment,Entertainment
779157948,341,Threes!,779157948.0,5.99,USD,Games,4.01302,2994.0,Sirvo LLC,59880.0,0.21528384505850479,Games,Games
435913585,342,Superimpose,435913585.0,0.0,USD,Photo & Video,4.51255,3067.0,Pankaj Goswami,61340.0,0.21468956258648242,Entertainment,Entertainment
1113736426,343,RollerCoaster Tycoon® Classic,1113736426.0,5.99,USD,Games,4.25206,3158.0,Atari,63160.0,0.2140986485680391,Games,Games
1309035984,344,Passpartout: Starving Artist,1309035984.0,4.99,USD,Games,4.71092,2968.0,Flamebait AB,59360.0,0.213511074173128,Games,Games
1182456409,345,Alto's Odyssey,1182456409.0,4.99,USD,Games,4.43121,2929.0,Snowman,58580.0,0.21292681090131083,Games,Games
377989827,346,Diptic,377989827.0,2.99,USD,Photo & Video,4.52792,2955.0,Peak Systems,59100.0,0.21234583057704762,Entertainment,Entertainment
953959208,347,(How to) Pronounce PRO,953959208.0,1.99,USD,Education,4.83152,3211.0,Dawid Pietrala,64220.0,0.2117681053450674,Education,Education
1438091392,348,Human: Fall Flat,1438091392.0,4.99,USD,Games,4.15219,3016.0,"505 Games (US), Inc.",60320.0,0.21119360766581777,Games,Games
1458419589,349,Hondata Complete,1458419589.0,12.99,USD,Utilities,4.72689,3288.0,Alphabit Software Inc.,65760.0,0.21062231031099188,Productivity,Productivity
1645791169,350,Pocket GM 3: Football Sim,1645791169.0,2.99,USD,Games,4.90163,3609.0,Jonathan Howell,72180.0,0.21005418635913162,Games,Games
1465720386,351,MudRunner Mobile,1465720386.0,5.99,USD,Games,4.63077,2963.0,Focus Entertainment,59260.0,0.2094892091913053,Games,Games
1126386264,352,AdGuard Pro — adblock&privacy,1126386264.0,9.99,USD,Utilities,4.38934,2851.0,Adguard Software Limited,57020.0,0.20892735248685784,Productivity,Productivity
914386930,353,DSLR Camera,914386930.0,0.99,USD,Photo & Video,4.66865,2855.0,Fulvio Scichilone,57100.0,0.20836859021923324,Entertainment,Entertainment
878642174,354,TV Cast Pro for Samsung TV,878642174.0,9.99,USD,Photo & Video,3.81069,3032.0,Kraus und Karnath GbR 2Kit Consulting,60640.0,0.20781289665186653,Entertainment,Entertainment
362389803,355,Progressive Alarm Clock,362389803.0,0.99,USD,Health & Fitness,4.58157,2930.0,Spotlight Six Software LLC,58600.0,0.20726024633414503,Lifestyle,Lifestyle
1304177471,356,Superimpose X,1304177471.0,4.99,USD,Photo & Video,4.70451,2924.0,Pankaj Goswami,58480.0,0.20671061409743685,Entertainment,Entertainment
539418490,357,TX Real Estate Exam Flashcards,539418490.0,2.99,USD,Education,4.78007,3101.0,Champions School of Real Estate,62020.0,0.20616397505118522,Education,Education
497864213,358,Binoculars,497864213.0,4.99,USD,Utilities,4.4993,2866.0,i4software,57320.0,0.20562030457906832,Productivity,Productivity
646489967,359,Castle of Illusion,646489967.0,4.99,USD,Games,4.03565,2889.0,Disney,57780.0,0.2050795783352221,Games,Games
323061162,360,Sleep Machine,323061162.0,3.99,USD,Health & Fitness,4.73217,2875.0,SleepSoft LLC,57500.0,0.20454177224052583,Lifestyle,Lifestyle
1437096541,361,Rush Rally 3,1437096541.0,4.99,USD,Games,4.78254,2865.0,Brownmonster Limited,57300.0,0.2040068624789485,Games,Games
1010311475,362,QuickBend: Conduit Bending,1010311475.0,6.99,USD,Productivity,4.81951,3352.0,Bret Hardman,67040.0,0.20347482549395562,Productivity,Productivity
1440944902,363,Topographic Maps & Trails,1440944902.0,4.99,USD,Navigation,4.57371,2761.0,"LW Brands, LLC",55220.0,0.20294563798497464,Travel,Travel
380090605,364,Let's create! Pottery HD,380090605.0,4.99,USD,Entertainment,4.56337,2730.0,Infinite Dreams Inc.,54600.0,0.20241927690391784,Entertainment,Entertainment
1292099839,365,Donut County,1292099839.0,4.99,USD,Games,3.97541,2725.0,Annapurna Interactive,54500.0,0.2018957194517624,Games,Games
290231956,366,iPeriod Period Tracker +,290231956.0,1.99,USD,Health & Fitness,4.15284,2689.0,"Winkpass Creations, Inc.",53780.0,0.20137494307518564,Lifestyle,Lifestyle
363949050,367,Backgammon HD,363949050.0,4.99,USD,Games,4.56756,2842.0,WildCard Classics Inc,56840.0,0.20085692546325473,Games,Games
824305459,368,Papa's Freezeria To Go!,824305459.0,0.99,USD,Games,4.23622,2976.0,Flipline Studios,59520.0,0.20034164454417017,Games,Games
1072395467,369,60 Seconds! Atomic Adventure,1072395467.0,3.99,USD,Games,4.25812,2801.0,Robot Gentleman sp. z o.o.,56020.0,0.1998290784820613,Games,Games
503092422,370,Ski Safari,503092422.0,0.99,USD,Games,4.6601,2689.0,Defiant Development,53780.0,0.19931920567383388,Games,Games
823869162,371,SimplePlanes,823869162.0,5.99,USD,Games,4.59687,2875.0,"Jundroo, LLC",57500.0,0.19881200474606753,Games,Games
754105884,372,NightCap Camera,754105884.0,2.99,USD,Photo & Video,4.38238,2827.0,RTD,56540.0,0.19830745455196322,Entertainment,Entertainment
301387274,373,Pocket God,301387274.0,0.99,USD,Entertainment,4.29007,2689.0,Bolt Creative,53780.0,0.19780553416833924,Entertainment,Entertainment
737568020,374,ACIM Remind,737568020.0,5.99,USD,Lifestyle,4.86324,2881.0,CDE Solutions Inc.,57620.0,0.19730622289267483,Lifestyle,Lifestyle
1563121109,375,Shattered Pixel Dungeon,1563121109.0,4.99,USD,Games,4.89431,3435.0,Evan Debenham,68700.0,0.1968095002402009,Games,Games
656951157,376,Playdead's LIMBO,656951157.0,3.99,USD,Games,4.55933,2646.0,Playdead,52920.0,0.19631534594103656,Games,Games
364593496,377,True Backgammon,364593496.0,3.99,USD,Games,4.34475,2628.0,"CompuLab, Markus Gömmel",52560.0,0.19582373993737082,Games,Games
460744832,378,Word Finder - wordhelper.org,460744832.0,2.99,USD,Games,4.76273,2592.0,Richard Loxley Ltd,51840.0,0.19533466238068858,Games,Games
1353841706,379,My Singing Monsters Composer,1353841706.0,4.99,USD,Games,4.48766,3119.0,Big Blue Bubble,62380.0,0.19484809362904046,Games,Games
1491530147,380,Slay the Spire,1491530147.0,6.99,USD,Games,4.22039,2872.0,Humble Bundle,57440.0,0.19436401424435473,Games,Games
1257573007,381,RV Dump Stations,1257573007.0,0.99,USD,Travel,4.21136,2853.0,Kyle Modesitt,57060.0,0.19388240498979178,Travel,Travel
1365164709,382,INKHUNTER PRO Tattoos try on,1365164709.0,0.99,USD,Lifestyle,4.77935,2606.0,InkHunter,52120.0,0.19340324682713939,Lifestyle,Lifestyle
390017969,383,Due - Reminders & Timers,390017969.0,7.99,USD,Productivity,4.67568,2664.0,Due Apps LLP,53280.0,0.19292652091424853,Productivity,Productivity
1065935771,384,Angel Answers Oracle Cards,1065935771.0,11.99,USD,Lifestyle,4.76379,2629.0,Oceanhouse Media,52580.0,0.1924522086025089,Lifestyle,Lifestyle
1109489005,385,ASA's Sailing Challenge,1109489005.0,3.99,USD,Education,4.80536,2759.0,American Sailing Association,55180.0,0.19198029143436338,Education,Education
1336026283,386,BATTLESHIP,1336026283.0,2.99,USD,Games,4.20239,2594.0,Marmalade Game Studio,51880.0,0.1915107511408608,Games,Games
579300320,387,Tides Near Me - No Ads,579300320.0,2.99,USD,Weather,4.82346,2685.0,"Shelter Island Mapping Company, LLC",53700.0,0.19104356963924635,Weather,Weather
414194259,388,Sunset and Sunrise Times,414194259.0,9.99,USD,Weather,4.86463,2593.0,Fascinating Projects,51860.0,0.19057872903058873,Weather,Weather
505367096,389,Fog of World,505367096.0,30.0,USD,Travel,4.81697,2770.0,Ollix,55400.0,0.1901162115974437,Travel,Travel
1435140819,390,Very Little Nightmares,1435140819.0,6.99,USD,Games,4.64456,2608.0,BANDAI NAMCO Entertainment Europe,52160.0,0.18965599980155332,Games,Games
393858566,391,Downcast,393858566.0,2.99,USD,News,4.27909,2612.0,Jamawkinaw Enterprises LLC,52240.0,0.18919807628157992,News,Outside Good
382452060,392,10BII Calc HD,382452060.0,8.99,USD,Finance,4.92934,3439.0,Ernest Brock,68780.0,0.1887424238508747,Finance,Outside Good
357404131,393,Slow Shutter Cam,357404131.0,2.99,USD,Photo & Video,4.62537,2680.0,Cogitap Software,53600.0,0.18828902549527993,Entertainment,Entertainment
347345474,394,ABBYY Business Card Reader Pro,347345474.0,59.99,USD,Business,4.57826,2530.0,ABBYY USA Software House Inc,50600.0,0.18783786437096422,Productivity,Productivity
626789870,395,Dog Monitor,626789870.0,6.99,USD,Lifestyle,4.74911,2527.0,TappyTaps s.r.o.,50540.0,0.1873889238022907,Lifestyle,Lifestyle
975683986,396,Door Kickers,975683986.0,4.99,USD,Games,4.85225,3005.0,KILLHOUSE GAMES SRL,60100.0,0.1869421872797168,Games,Games
516875543,397,Offroad Legends,516875543.0,0.99,USD,Games,4.54694,2631.0,Dogbyte Games Kft.,52620.0,0.18649763845772577,Games,Games
498360026,398,Sleep Time+ Cycle Alarm Timer,498360026.0,1.99,USD,Health & Fitness,4.77149,2477.0,Azumio Inc.,49540.0,0.18605526115278895,Lifestyle,Lifestyle
539397400,399,nPlayer Plus,539397400.0,8.99,USD,Entertainment,4.7078,2512.0,Newin Inc.,50240.0,0.18561503934135845,Entertainment,Entertainment
444844790,400,Scribblenauts Remix,444844790.0,0.99,USD,Games,3.631,2458.0,Warner Bros.,49160.0,0.18517695715788965,Games,Games
396085661,401,Game Dev Story,396085661.0,4.99,USD,Games,4.87865,2670.0,"Kairosoft Co.,Ltd",53400.0,0.18474099889289297,Games,Games
289616509,402,Mobile Mouse Remote,289616509.0,3.99,USD,Utilities,4.5457,2472.0,R.P.A. Tech,49440.0,0.18430714899101464,Productivity,Productivity
1328952941,403,3D Fish Feeding and Grow,1328952941.0,4.99,USD,Games,3.68621,2524.0,M Usman Rasheed,50480.0,0.18387539204914535,Games,Games
306526794,404,iBP Blood Pressure,306526794.0,0.99,USD,Medical,4.80987,2493.0,Leading Edge Apps LLC,49860.0,0.18344571281455732,Health,Health
1179421849,405,GRID™ Autosport,1179421849.0,9.99,USD,Games,4.53665,2633.0,Feral Interactive Ltd,52660.0,0.18301809618306825,Games,Games
893194736,406,Kitty Powers' Matchmaker,893194736.0,2.99,USD,Games,4.83261,2748.0,Magic Notion,54960.0,0.18259252719723224,Games,Games
972387337,407,Scrivener,972387337.0,23.99,USD,Productivity,4.20313,2496.0,Literature & Latte,49920.0,0.1821689910445574,Productivity,Productivity
736683061,408,A Dark Room,736683061.0,1.99,USD,Games,4.77098,2550.0,Amirali Rajan,51000.0,0.18174747305574898,Games,Games
1436429074,409,FILCA - Vintage Film Camera,1436429074.0,2.99,USD,Photo & Video,3.80387,2432.0,Cheol Kim,48640.0,0.18132795870297852,Entertainment,Entertainment
1511179040,410,Fitness Stats,1511179040.0,7.99,USD,Health & Fitness,4.77045,2457.0,"Indie Computing Labs, LLC",49140.0,0.1809104335981777,Lifestyle,Lifestyle
1222902155,411,Flight Board Pro,,,,,,,,,0.1804948834913571,,
1530940107,412,Pocket GM 2: Football Sim,1530940107.0,0.99,USD,Games,4.85756,2401.0,Jonathan Howell,48020.0,0.180081294268949,Games,Games
350925062,413,World Map 2023 Pro,350925062.0,1.99,USD,Reference,4.68403,2687.0,Appventions,53740.0,0.1796696519521744,Education,Education
845657206,414,Baby Tracker Pro (Newborn Log),845657206.0,4.99,USD,Medical,4.7796,2441.0,Nighp Software LLC,48820.0,0.17925994269543316,Health,Health
329670577,415,Camera+ Legacy,329670577.0,4.99,USD,Photo & Video,4.23245,2336.0,LateNite Apps,46720.0,0.17885215278471722,Entertainment,Entertainment
585933440,416,Buycott - Barcode Scanner & QR Bar Code Scanner,585933440.0,1.99,USD,Shopping,4.50821,2373.0,Buycott Inc.,47460.0,0.17844626863604657,E-commerce,Outside Good
918609651,417,Money Pro: Personal Finance AR,918609651.0,0.99,USD,Finance,4.21527,2318.0,iBear LLC,46360.0,0.17804227679392773,Finance,Outside Good
1030902626,418,Scribblenauts Unlimited,1030902626.0,4.99,USD,Games,4.25532,2303.0,Warner Bros.,46060.0,0.17764016392983364,Games,Games
410413185,419,Weight Diary,410413185.0,7.99,USD,Health & Fitness,4.88414,2434.0,CURLYBRACE APPS LTD,48680.0,0.17723991684070578,Lifestyle,Lifestyle
1508808963,420,River Levels & Flows,1508808963.0,2.99,USD,Weather,4.60829,2484.0,"LW Brands, LLC",49680.0,0.1768415224474767,Weather,Weather
1073907652,421,Cardiograph,1073907652.0,1.99,USD,Health & Fitness,4.6542,2273.0,MacroPinch Ltd.,45460.0,0.17644496779361415,Lifestyle,Lifestyle
791684332,422,Find Car Anchor Pointer,791684332.0,0.0,USD,Navigation,4.61893,2758.0,Alexander Deplov,55160.0,0.17605024004368536,Travel,Travel
363691477,423,Cribbage HD,363691477.0,0.0,USD,Games,4.71701,2675.0,WildCard Classics Inc,53500.0,0.17565732648194143,Games,Games
449735650,424,Where's My Water?,449735650.0,1.99,USD,Games,4.29924,2503.0,Disney,50060.0,0.17526621451092175,Games,Games
530829008,425,Speedometer 55 Pro. GPS kit.,530829008.0,3.99,USD,Navigation,4.72207,2497.0,Stanislav Dvoychenko,49940.0,0.1748768916500779,Travel,Travel
1008697836,426,Starting Strength Official,1008697836.0,14.99,USD,Health & Fitness,4.79513,2382.0,Shabu Pty Ltd,47640.0,0.1744893455344166,Lifestyle,Lifestyle
1269225754,427,Gorogoa,1269225754.0,4.99,USD,Games,4.63063,2266.0,Annapurna Interactive,45320.0,0.17410356391316187,Games,Games
504001448,428,Muscles & Kinesiology,504001448.0,24.99,USD,Medical,4.84133,2439.0,Visible Body Apps,48780.0,0.17371953464843537,Health,Health
347393479,429,Roadside America,347393479.0,2.99,USD,Travel,4.66153,2340.0,This Exit LLC,46800.0,0.1733372457139553,Travel,Travel
288419283,430,RadarScope,288419283.0,9.99,USD,Weather,4.18583,2540.0,"Base Velocity, LLC",50800.0,0.1729566851937534,Weather,Weather
1035430719,431,My Currency Converter Pro,1035430719.0,3.99,USD,Finance,4.86867,2490.0,JRustonApps B.V.,49800.0,0.17257784128090906,Finance,Outside Good
1095856653,432,Road Trip Planner™,1095856653.0,3.99,USD,Travel,4.17759,2258.0,Kyle Modesitt,45160.0,0.17220070227630166,Travel,Travel
1466120520,433,iVerify Basic,1466120520.0,0.99,USD,Utilities,4.65391,2352.0,iVerify,47040.0,0.17182525658737932,Productivity,Productivity
6449003064,434,Goblin Tools,6449003064.0,1.99,USD,Utilities,4.84471,2711.0,Skyhook,54220.0,0.17145149272694507,Productivity,Productivity
398299456,435,iAllowance (Chores Allowances),398299456.0,2.99,USD,Finance,4.37765,2264.0,James Spencer,45280.0,0.1710793993119592,Finance,Outside Good
549027629,436,Super Hexagon,549027629.0,2.99,USD,Games,4.4694,2173.0,Distractionware Limited,43460.0,0.17070896506235808,Games,Games
1104649303,437,My Moon Phase Pro - Alerts,1104649303.0,3.99,USD,Weather,4.88551,2332.0,JRustonApps B.V.,46640.0,0.17034017879988925,Weather,Weather
1038014543,438,Day R Premium: last world war,1038014543.0,2.99,USD,Games,4.57477,2220.0,RMIND GAMES L.L.C-FZ,44400.0,0.16997302944696185,Games,Games
365780014,439,iSolunar™ Hunt & Fish Times,365780014.0,5.99,USD,Sports,4.73904,2920.0,"RedSnake Enterprises, LLC",58400.0,0.16960750602551325,Sports,Outside Good
1638551535,440,Accounts 3 Checkbook,1638551535.0,4.99,USD,Finance,4.59349,2647.0,SVT Software,52940.0,0.16924359765589028,Finance,Outside Good
1601446687,441,Streets of Rage 4,1601446687.0,1.99,USD,Games,4.8608,2615.0,Playdigious,52300.0,0.16888129355574621,Games,Games
423492040,442,Planimeter — Measure Land Area,423492040.0,7.99,USD,Productivity,4.74472,2178.0,Core Signals,43560.0,0.16852058303895204,Productivity,Productivity
403684733,443,Badoo Premium,403684733.0,2.99,USD,Social Networking,4.48928,2285.0,Badoo Software Ltd,45700.0,0.16816145551452275,Social,Outside Good
1236011411,444,Sibley Birds 2nd Edition,1236011411.0,19.99,USD,Reference,4.88016,2470.0,mydigitalearth.com,49400.0,0.16780390048555768,Education,Education
1453647914,445,iWebTV PRO,1453647914.0,6.99,USD,Photo & Video,4.70055,3119.0,Swishly inc,62380.0,0.16744790754819538,Entertainment,Entertainment
950812012,446,Alto's Adventure,950812012.0,4.99,USD,Games,4.60132,2127.0,Snowman,42540.0,0.16709346639058187,Games,Games
381342267,447,Stack the States®,381342267.0,2.99,USD,Education,4.43762,2132.0,"Freecloud Design, Inc.",42640.0,0.16674056679185323,Education,Education
321293183,448,DashCommand - OBD-II Gauges,321293183.0,9.99,USD,Sports,4.22993,2118.0,"Auto Meter Products, Inc.",42360.0,0.16638919862113125,Sports,Outside Good
1488074449,449,Story Saver ∞,1488074449.0,4.99,USD,Social Networking,4.58619,2042.0,Yerzhan Tleuov,40840.0,0.16603935183653257,Social,Outside Good
1360656789,450,Ghost Science M3,1360656789.0,9.99,USD,Entertainment,4.61186,2293.0,Michael Weber,45860.0,0.16569101648419077,Entertainment,Entertainment
1059218666,451,Litchi for DJI Drones,1059218666.0,24.99,USD,Photo & Video,4.54836,2161.0,VC Technology Ltd,43220.0,0.1653441826972916,Entertainment,Entertainment
6447357776,452,Clue (2024),6447357776.0,4.99,USD,Games,4.80105,3217.0,Marmalade Game Studio,64340.0,0.16499884069512064,Games,Games
1336663439,453,AR Spiders,1336663439.0,1.99,USD,Entertainment,4.48524,2067.0,Joachim Mertens,41340.0,0.16465498078212357,Entertainment,Entertainment
1462692186,454,TV Remote Controller,1462692186.0,0.99,USD,Lifestyle,4.65502,2032.0,Alexey Siginur,40640.0,0.1643125933469787,Lifestyle,Lifestyle
1440996640,455,"Flat Earth Sun, Moon & Zodiac",1440996640.0,2.99,USD,Utilities,4.71957,2104.0,Blue Water Bay,42080.0,0.16397166886168174,Productivity,Productivity
1406382064,456,ELOH,1406382064.0,2.99,USD,Games,4.8764,2047.0,Broken Rules,40940.0,0.16363219788064226,Games,Games
982175678,457,This War of Mine,982175678.0,13.99,USD,Games,4.40994,2154.0,11 bit studios s.a.,43080.0,0.1632941710397922,Games,Games
622613679,458,Survivalcraft,622613679.0,3.99,USD,Games,4.05478,2008.0,Igor Kalicinski,40160.0,0.16295757905570585,Games,Games
682472857,459,ASL Dictionary Sign Language,682472857.0,9.99,USD,Education,4.7343,2006.0,Software Studios LLC,40120.0,0.1626224127247308,Education,Education
564730202,460,Money Manager (Remove Ads),564730202.0,5.99,USD,Finance,4.83649,2428.0,Realbyte Inc.,48560.0,0.162288662922131,Finance,Outside Good
1575414319,461,Dune: Imperium,1575414319.0,7.99,USD,Games,4.88311,3636.0,Dire Wolf Digital,72720.0,0.16195632060124002,Games,Games
775888026,462,Shadowmatic,775888026.0,3.99,USD,Games,4.77603,2036.0,TRIADA Studio,40720.0,0.16162537679262576,Games,Games
911006986,463,Banner Saga,911006986.0,9.99,USD,Games,4.79399,2034.0,Stoic,40680.0,0.16129582260326553,Games,Games
1511788295,464,Crying Suns,1511788295.0,8.99,USD,Games,4.79893,2064.0,Humble Bundle,41280.0,0.1609676492157319,Games,Games
1075462280,465,My Aurora Forecast Pro,1075462280.0,3.99,USD,Weather,4.79002,2486.0,JRustonApps B.V.,49720.0,0.1606408478873889,Weather,Weather
1042987645,466,Face Swap Live,1042987645.0,0.99,USD,Photo & Video,4.54365,2016.0,Laan Labs,40320.0,0.16031540994959848,Entertainment,Entertainment
1106687104,467,Stamena - Longer lasting sex,1106687104.0,2.99,USD,Health & Fitness,4.74633,2042.0,DRAWDOWN BRANDS LLC,40840.0,0.15999132680693715,Lifestyle,Lifestyle
900833042,468,Fliqlo,900833042.0,0.99,USD,Lifestyle,4.74347,2144.0,Yuji Adachi,42880.0,0.1596685899364223,Lifestyle,Lifestyle
1148385289,469,Cat Quest,1148385289.0,4.99,USD,Games,4.76511,1984.0,The Gentlebros.,39680.0,0.1593471908867487,Games,Games
1250484428,470,The Talos Principle,1250484428.0,4.99,USD,Games,4.60806,1957.0,Devolver,39140.0,0.15902712127753432,Games,Games
562989701,471,Vector Classic,562989701.0,0.99,USD,Games,4.8914,2431.0,Nekki Limited,48620.0,0.15870837279857597,Games,Games
540925164,472,Need for Speed™ Most Wanted,540925164.0,4.99,USD,Games,3.5782,2046.0,Electronic Arts,40920.0,0.15839093720911399,Games,Games
482504435,473,Tape Measure Calculator Pro,482504435.0,3.99,USD,Utilities,4.84422,2080.0,Bugfoot Studios LLC,41600.0,0.15807480633710652,Productivity,Productivity
393131384,474,HolyBible K.J.V. Pro,393131384.0,5.99,USD,Reference,4.86245,2581.0,ThoughtFul,51620.0,0.15775997207851258,Education,Education
1113085704,475,NASB MacArthur Study Bible,1113085704.0,23.99,USD,Reference,4.95783,2134.0,Bible App Labs LLC,42680.0,0.15744642639658435,Education,Education
720725216,476,Blocky Roads,720725216.0,0.99,USD,Games,4.61862,1922.0,Dogbyte Games Kft.,38440.0,0.15713416132116806,Games,Games
1216244658,477,Talking Emoji Pro for Texting,1216244658.0,3.99,USD,Shopping,4.10515,1997.0,智敏 黎,39940.0,0.15682316894801385,E-commerce,Outside Good
1668755109,478,Brotato:Premium,1668755109.0,4.99,USD,Games,4.71934,2683.0,Erabit Studios,53660.0,0.15651344143809395,Games,Games
635717885,479,YACReader - Comic Reader,635717885.0,4.99,USD,Entertainment,4.82308,2227.0,Luis Ángel San Martín,44540.0,0.15620497101692962,Entertainment,Entertainment
463371412,480,WeTalk Pro- WiFi Calling Phone,463371412.0,4.99,USD,Social Networking,4.44055,1859.0,WePhone Apps Inc,37180.0,0.15589774997392605,Social,Outside Good
326299607,481,Hearts Premium,326299607.0,1.99,USD,Games,4.5835,1976.0,Optime Software LLC,39520.0,0.1555917706617158,Games,Games
634235735,482,Duet Game,634235735.0,2.99,USD,Games,4.88598,1956.0,Kumobius,39120.0,0.1552870254955103,Games,Games
1264531625,483,Tropico,1264531625.0,12.99,USD,Games,4.75319,1953.0,Feral Interactive Ltd,39060.0,0.15498350695245908,Games,Games
952555810,484,Ski Safari 2,952555810.0,0.99,USD,Games,4.76399,1894.0,Sleepy Z Studios Pty Ltd,37880.0,0.1546812075710171,Games,Games
307312434,485,iMissal Catholic,307312434.0,4.99,USD,Reference,4.45361,1940.0,"Cantcha, Inc.",38800.0,0.15438011995031994,Education,Education
1076480192,486,Photo Manager Pro,1076480192.0,2.99,USD,Photo & Video,4.52982,1895.0,"Skyjos Co., Ltd.",37900.0,0.15408023674956622,Entertainment,Entertainment
1201419241,487,Bullet Journal Companion,1201419241.0,4.99,USD,Productivity,4.5034,1905.0,Lightcage LLC,38100.0,0.15378155068740798,Productivity,Productivity
1116905928,488,nPlayer,1116905928.0,4.99,USD,Entertainment,4.71505,1881.0,Newin Inc.,37620.0,0.1534840545413482,Entertainment,Entertainment
1502232038,489,Danganronpa: Trigger Happy Hav,1502232038.0,15.99,USD,Games,4.61681,1832.0,"Spike-Chunsoft CO, LTD.",36640.0,0.15318774114714584,Games,Games
1190758709,490,Sleep Sounds: relaxing sounds,1190758709.0,2.99,USD,Health & Fitness,4.65998,1897.0,Anna Koynova,37940.0,0.15289260339822805,Lifestyle,Lifestyle
1573482724,491,Coffee Inc 2,1573482724.0,1.99,USD,Games,4.70206,2138.0,Side Labs LLC,42760.0,0.1525986342451093,Games,Games
297606726,492,Fish Tycoon,297606726.0,0.99,USD,Games,4.30377,1804.0,"LDW Software, LLC",36080.0,0.1523058266948179,Games,Games
903911740,493,Forks Plant-Based Recipes,903911740.0,9.99,USD,Food & Drink,4.63656,1838.0,"Forks Over Knives, LLC",36760.0,0.15201417381032903,Lifestyle,Outside Good
1442776789,494,Pirates Outlaws,1442776789.0,0.99,USD,Games,4.46866,1803.0,Fabled Game Limited,36060.0,0.15172366871000492,Games,Games
414419105,495,iCatcher! Podcast Player,414419105.0,4.99,USD,News,4.72328,1843.0,Joeisanerd.com,36860.0,0.15143430456704154,News,Outside Good
1413887036,496,iMPC Pro 2 for iPhone,1413887036.0,12.99,USD,Music,4.65655,1779.0,Akai Professional,35580.0,0.1511460746089221,Entertainment,Entertainment
521577043,497,VinoCell - wine cellar manager,521577043.0,9.99,USD,Food & Drink,4.64821,1788.0,VinoDev,35760.0,0.1508589721168768,Lifestyle,Outside Good
510119487,498,AnatomyMapp,510119487.0,19.99,USD,Medical,4.80889,1957.0,Books of Discovery,39140.0,0.15057299042534944,Health,Health
924491991,499,Cs Music Pro,924491991.0,2.99,USD,Music,4.30246,1782.0,Mike Clay,35640.0,0.15028812292147004,Entertainment,Entertainment
373493387,500,AnkiMobile Flashcards,373493387.0,24.99,USD,Education,4.11601,2043.0,Ankitects Pty Ltd,40860.0,0.1500043630445338,Education,Education
